{
  "western": {
    "encode": {
      "mean": 0.033801704002544286,
      "median": 0.026071740000043066,
      "min": 0.013695860002189874,
      "max": 0.06219381999690086,
      "stdev": 0.01940884709129977
    },
    "decode": {
      "mean": 0.050260548000223934,
      "median": 0.03569657999323681,
      "min": 0.019763579999562353,
      "max": 0.09578435999574139,
      "stdev": 0.031330570787016704
    }
  },
  "japanese": {
    "encode": {
      "mean": 0.026189920001197606,
      "median": 0.02146959999809042,
      "min": 0.016979900002479554,
      "max": 0.04227838000515476,
      "stdev": 0.010098830232833679
    },
    "decode": {
      "mean": 0.027623952000867577,
      "median": 0.021974820003379136,
      "min": 0.01769483999814838,
      "max": 0.049113380000926556,
      "stdev": 0.012712167558374687
    }
  }
}